doanhthuthuan,loinhuangop,loinhuanthuan,loinhuantruocthue
2248612114714.0,332019975993.0,179896872054.0,180411266840.0
288314094437.0,39643340901.0,21829609909.0,30783088518.0
14731065489102.0,1124839400134.0,-134492723412.0,-179590236398.0
137548454537.0,46373400608.0,21581217021.0,21810079885.0
1036420364313.0,154822528666.0,101069936875.0,101676771778.0
1855578766161.0,504857378426.0,327211422006.0,328271194726.0
37677603513.0,10198016654.0,-22178947.0,874099788.0
207053172796.0,52154339888.0,34251358303.0,33507900000.0
7937820000000.0,610514752463.5018,5066300000000.0,4545398000000.0
265165601414.0,13731786926.0,2246245227.0,2442210047.0
492908767087.0,191701144107.0,128240258112.0,128940103258.0
46213216558.0,6104822701.0,163460813719.0,164898546813.0
480125601327.0,41294013465.0,1926168120.0,12528073059.0
691200000.0,425047416.0,-5532314.0,1469263219.0
17361604859196.0,1911321778302.0,803002510910.0,835531366248.0
293915224690.0,42450040454.0,13244757043.0,13069211524.0
1991305549188.0,1423188173597.0,1231939593571.0,1234682055778.0
1637328304042.0,270541328843.0,86229422937.0,85921692213.0
2039420776414.0,121328385593.0,50426182171.0,5598504148.0
2006659874277.0,-1986005498.0,-103406262396.0,2073984548.0
620650947433.0,1679700072.0,446951808.0,311949041.0
12319501255.0,5772299228.0,-2501813002.0,10955523451.0
22619246102.0,-5021409775.0,-18221365790.0,-18221365790.0
4093509173396.0,1043625260689.0,70672512968.0,72523946612.0
153483344374.0,4359664475.0,-3726008322.0,-6303936748.0
3035259000000.0,610514752463.5018,2181451000000.0,794660000000.0
160765215574.0,-2250333667.0,-37878609364.0,-37957899364.0
1118087481331.0,85185945469.0,4859205117.0,8826471047.0
48764301105.0,20768024377.0,-318428150123.0,-286730757109.0
91341413148.0,59414124436.0,55973191379.0,55973191379.0
6374514460150.0,302272628442.0,268074855439.0,872168518965.0
94879164053.0,6948190902.0,-86620760057.0,-80205239504.0
2612140095197.0,273441658003.0,69417876684.0,70929824483.0
45439820007.0,10979836622.0,-3497669810.0,278633145.0
545184703049.0,83841968916.0,53491602502.0,53918627052.0
813040460823.0,39078181552.0,20666397921.0,20425092770.0
12839645638671.0,1244546493446.0,747826684100.0,751634727765.0
7800427268404.0,1094735398744.0,1555186991012.0,1571027309206.0
2247003636730.0,190438020325.0,107688957884.0,126062006619.0
110772110243.0,64743558155.0,84026189489.0,82580904936.0
11251727317822.0,952156539848.0,116780020393.0,170150527838.0
2324357447504.0,-74074244002.0,-315933402782.0,-315274487494.0
612521692173.0,151789798065.0,55361877602.0,63747073150.0
4673028857122.0,729459328514.0,290644657259.0,289111939031.0
240919812502.0,-415757714.0,-252484468977.0,-251401359996.0
40721510970.0,8105424521.0,-20539875789.0,-20800849182.0
3306339272217.0,323943757585.0,-8109153517.0,212569540.0
83827432801.0,10643543811.0,2036165368.0,2100824633.0
72989804812.0,41299972630.0,33549185182.0,33865001975.0
503204817.0,160755606.0,-5281221427.0,-5353442634.0
1306797442020.0,204703984677.0,68767242251.0,68776802257.0
93251958232.0,62705140828.0,-4669953027.0,20256020098.0
3891109720791.0,281313313842.0,90505076376.0,86960868982.0
15802593027.0,6584033413.0,-10065524589.0,-18316351386.0
1277960452464.0,628668244424.0,441279227848.0,468038477135.0
221001048262.0,12504271285.0,2304157458.0,1859822970.0
1020637132951.0,459182235187.0,422063155433.0,416411958124.0
1336237832457.0,193326037369.0,78836610615.0,80056383047.0
1140492454254.0,80048706223.0,30436778358.0,25297844522.0
20609022190077.0,1831773954930.0,557452985282.0,558169985495.0
42732464207.0,13730297926.0,8682726933.0,8641830636.0
103564126562888.0,17654357438748.0,13156405325870.0,13172107496375.0
802345438436.0,54715379910.0,25109035007.0,25292553681.0
190353055077.0,17140950353.0,1604379597.0,1326407117.0
1057004061947.0,99931540837.0,9645880839.0,10427341313.0
17104550293.0,-14958523536.0,-20139964292.0,-20237381960.0
1499327044762.0,256937966501.0,227687779713.0,207735348303.0
280070334347.0,89055403400.0,79676494876.0,78649835317.0
1471321770177.0,62067652101.0,7566106890.0,6674967268.0
130939549954.0,86267995293.0,134794831138.0,153596017526.0
3487978470438.0,300372359617.0,-26532260780.0,-8133203878.0
4121908336161.3467,610514752463.5018,-50274867.0,-51883748.0
286984251029.0,89220276445.0,60133523840.0,61197534230.0
501891896274.0,115843608066.0,-20454474054.0,-21895259998.0
220089037479.0,104625188496.0,60218930826.0,62063217268.0
1140368523819.0,137881719038.0,15997529447.0,16336115230.0
5521801445146.0,613403695600.0,504262839090.0,533751101827.0
23878029780802.0,1132980446351.0,1097206056614.0,1699868689738.0
1973155586000.0,676666468000.0,223289290000.0,220620354000.0
78498815539.0,19872240706.0,42161735208.0,46627833378.0
4712176016962.0,624976962156.0,70989671639.0,89101474908.0
1273890610665.0,27256939497.0,22988184976.0,22431597008.0
1860877702477.0,179437655040.0,97706054992.0,97125336407.0
276517719628.0,131586895763.0,59366055502.0,59333204213.0
278276936599.0,27310403958.0,5173121118.0,12087737234.0
983145588033.0,469915114924.0,64801852445.0,208089938736.0
3640825147740.0,545372447106.0,308180808232.0,308136183006.0
4121908336161.3467,610514752463.5018,-1838558245.0,-1838559047.0
901410794996.0,200760215973.0,126055547856.0,109297718259.0
42375110616.0,33934313504.0,25333934396.0,24257411764.0
51242863961.0,15199245587.0,9656176201.0,9788585713.0
1615870373752.0,519181026969.0,99023528000.0,111185484581.0
134341152848802.0,27499210077021.0,5227045424891.0,4825763013078.0
55616946202.0,23701665897.0,44655720770.0,41970563763.0
456084144257.0,140755066275.0,66030779104.0,69500181491.0
156103579385.0,31583931377.0,6229829890.0,5502360615.0
410665257727.0,223573521099.0,62143359763.0,44080541457.0
381961444967.0,42930926479.0,4276527794.0,5015654724.0
965315241786.0,243431394090.0,71185684893.0,72214618386.0
1603328679192.0,86150893846.0,35076754661.0,36443243695.0
72961639009.0,7498935757.0,284172503.0,673804033.0
182053893851.0,26722680489.0,6547868282.0,6544131576.0
12386543096944.0,1964710710159.0,1036492666411.0,1042237331013.0
383675351036.0,95441883360.0,30341813098.0,30243170509.0
2025737354729.0,331424123792.0,140047054014.0,168741554248.0
28938468889.0,20321725610.0,6459458578.0,5062047483.0
483944958659.0,46317675275.0,-15295659735.0,-14748154769.0
2998557338965.0,326446534264.0,131942925462.0,108349154971.0
419785053433.0,66286363899.0,-622935857.0,18725123261.0
1624584390402.0,117831311545.0,-58876914942.0,5944481964.0
1022145168340.0,137764624380.0,-445384062.0,-449382469.0
88587513537.0,4289865814.0,6713705186.0,7255154300.0
27109145516.0,-1149218116.0,14491822715.0,14473965053.0
4121908336161.3467,610514752463.5018,-2647470818.0,-2647470818.0
2153311868675.0,74794754369.0,4748987588.0,12958649001.0
669293653728.0,127655132835.0,282622040121.0,306808884285.0
11036275254339.0,587411095542.0,444391462392.0,444529674873.0
570016285007.0,41950537554.0,7702630097.0,10680506510.0
1424557233369.0,67178966188.0,7229524351.0,8360708884.0
309120694013.0,76018991434.0,78556508758.0,78470913068.0
1224567614835.0,388143814651.0,345721377437.0,402747248968.0
1411694307969.0,528061984425.0,532352853985.0,532265537959.0
123961564779.0,75808687234.0,8691524225.0,8432308312.0
16724562362.0,7447517529.0,9284657655.0,9222579483.0
9865301938473.0,3498556241379.0,3414160144988.0,3402608444483.0
547959392195.0,192684615489.0,40117930067.0,38296727025.0
375849378401.0,206488797740.0,142271142425.0,139922769561.0
968575979199.0,402816455366.0,138019804671.0,137093249919.0
3374697356483.0,442257760792.0,62736700608.0,60698731944.0
40831422035.0,-20913483470.0,-33288567356.0,-32779742972.0
854261565138.0,148157012756.0,-47156029116.0,-42896851737.0
1152738721057.0,80406112525.0,59227493648.0,59324067723.0
200193410113.0,17754467269.0,-5774106721.0,-5222175635.0
116730807384.0,51535447109.0,33802749675.0,36226409375.0
1182158471785.0,488123117288.0,372536675941.0,574246214447.0
9358243746877.0,1393574129207.0,531573724714.0,531112811455.0
268896118470.0,24538241610.0,1420627535.0,1526246101.0
1188944768920.0,120680921897.0,30798891822.0,33634093026.0
3432318861415.0,317144589285.0,94083327933.0,65287342743.0
122027799263.0,25916730349.0,2251559375.0,2783376209.0
470442520495.0,189578993300.0,141090945375.0,139676389989.0
74268617674.0,28518406798.0,10949939008.0,11816972416.0
2469776072818.0,1235973810961.0,976514642048.0,977331647342.0
2359678868681.0,357665285174.0,178681354959.0,181237244618.0
479672838624.0,73038886510.0,-12562063381.0,23035487240.0
4276240392092.0,1720876568754.0,1295326227636.0,1295564056727.0
154588021348.0,39369912736.0,3388994476.0,5768708337.0
195319562182.0,53809562358.0,32115783361.0,32116848261.0
30648032502235.0,2758190361614.0,355141924818.0,392268407409.0
289023851965.0,28433874301.0,19706387478.0,18874428610.0
709627651087.0,182554833418.0,42730096766.0,38129730301.0
30897225625237.0,14404685240219.0,9012591353499.0,9004312866417.0
1903414913090.0,166253126404.0,446181855228.0,481041747817.0
763632751650.0,441689621162.0,425385872893.0,425437651873.0
992703709958.0,26828493928.0,-24698660481.0,-27549398832.0
36222104894.0,16266225902.0,3726189867.0,4251662963.0
7649715892213.0,1961739670083.0,11723942093.0,22705586964.0
87306977445.0,32163457538.0,-16771835949.0,-16553125339.0
1012994256509.0,46787989081.0,2763088070.0,2665705864.0
38485998242.0,-92032770.0,-13293446337.0,-13640457070.0
1369180341465.0,188880043158.0,104935436900.0,102222650231.0
3758585336781.0,1675400675942.0,580025969561.0,586860605786.0
8383666601214.0,3124198406841.0,2675136495429.0,2690456397789.0
1993145618946.0,147589659535.0,125100716810.0,125405305504.0
296141935115.0,112693938189.0,75200561537.0,75075866392.0
1845463214248.0,510335117092.0,229146656468.0,223924113560.0
3497604332595.0,910952346857.0,567609593332.0,569719178786.0
6912623489158.0,751680448585.0,422116807782.0,421810405344.0
311186580224.0,42674242190.0,29552495105.0,29609581208.0
4646638398567.0,554355310902.0,142132704981.0,141015787858.0
761888236324.0,200334704171.0,129958940428.0,133034065429.0
694341855567.0,326912995943.0,377168425953.0,403034350211.0
2143144259787.0,199891136796.0,67214127809.0,68207706417.0
217636663313.0,132017120770.0,116317899761.0,116370968830.0
906053704717.0,289679074934.0,39837906404.0,40011375060.0
868155807971.0,128095486948.0,75981317220.0,68883021571.0
106199394079.0,17917667552.0,21188950029.0,21372140549.0
293676622715.0,68892730911.0,56242052602.0,59525008253.0
1837806618366.0,938335683000.0,814847740232.0,815126042300.0
5149234224.0,4534481049.0,-106463249945.0,-59465184534.0
19061195366730.0,905454255763.0,266443137013.0,283684337150.0
744580341694.0,436596683469.0,285002344122.0,285322946630.0
2906177297183.0,1719058650161.0,486863010389.0,503962328939.0
3120367476027.0,1710570189323.0,925787501617.0,930644050935.0
417485438238.0,276053827739.0,151849335627.0,151915020429.0
572890966655.0,188060462195.0,32063129806.0,32489599803.0
681740913400.0,81573959172.0,67545641992.0,67517343725.0
1073199177579.0,51279957246.0,30979290025.0,31528812542.0
26703698429.0,21460359350.0,26408028351.0,26281607352.0
22439004239.0,8484923330.0,2794337109.0,2137953084.0
1460554037460.0,209158113776.0,79201609108.0,84996273553.0
95730274466.0,13252908357.0,3315885503.0,3156585900.0
36099274547.0,14349983754.0,5886921020.0,5880352657.0
30856393000000.0,610514752463.5018,22052225000000.0,16730791000000.0
567481233266.0,95771153349.0,64968061624.0,66062998199.0
115188432401.0,1059491977.0,1112837723.0,1049710850.0
1875818093.0,54545455.0,-15274963945.0,-16184240519.0
23541850564.0,8129508478.0,5121259158.0,6420022284.0
460882195733.0,28900958583.0,11226661135.0,11409225071.0
2963175877629.0,204058963100.0,24528467432.0,27060390355.0
133591382404.0,33093715692.0,18176389494.0,18420386411.0
1899426872221.0,417480322565.0,249584323793.0,253446906527.0
268346946492.0,17435104536.0,1129387999.0,1554095704.0
1094711919843.0,241103190056.0,152052666037.0,152113733156.0
155460874029.0,-8072264574.0,-19413635459.0,3561203504.0
4388226233043.0,400198158035.0,151834292479.0,134150549821.0
85209344106.0,4659183956.0,204650522.0,190811627.0
1224423344957.0,140498134379.0,2491699058.0,11850849183.0
348131827362.0,68228707737.0,10205835351.0,6148639643.0
664941272431.0,210171006444.0,48584378885.0,50728072310.0
192159467000000.0,28112144000000.0,11251872000000.0,16724348000000.0
10581070482074.0,38436024489.0,17730466263.0,21474620218.0
363848260132.0,127312586756.0,108425016107.0,107032934437.0
584292672805.0,76950015409.0,-63888046777.0,-37603147820.0
592693625998.0,51140509414.0,4250035430.0,4196626625.0
8939117000000.0,4755392000000.0,4720279000000.0,5133329000000.0
8606668671493.0,610514752463.5018,6265322259962.0,4006295939181.0
301510530439.0,105649060120.0,56575577615.0,53508726270.0
1106615410196.0,25736475328.0,-51840175317.0,-52536659801.0
107625581854.0,-19903281788.0,-50418260644.0,-50147764156.0
41152219000000.0,610514752463.5018,38405972000000.0,28829328000000.0
1596502518138.0,171229454411.0,14548138948.0,20632832429.0
1146997928816.0,1007672064.0,18489275785.0,18467115634.0
575626468075.0,193381547690.0,50583382149.0,62724822320.0
3691723816321.0,407010737739.0,189488093767.0,190291997878.0
4322071392821.0,1178092168658.0,960647840563.0,953344569496.0
1349283371633.0,103143226261.0,22368460285.0,23926812784.0
6931744246143.0,822640306013.0,65100659591.0,70216431119.0
22078260362207.0,2055483405899.0,556488874659.0,568950772752.0
2325314422750.0,1073183626740.0,179963344399.0,181530596172.0
-1782193000000.0,610514752463.5018,-4864546000000.0,-5128090000000.0
3174358584694.0,516898129839.0,54096333981.0,52998431520.0
167857497086.0,97722027416.0,243233705229.0,230936614852.0
5338111610218.0,55954364212.0,12480922907.0,14069444930.0
73006450831.0,13386603314.0,2409908158.0,2471522677.0
38982537.0,38982537.0,18512864921.0,19428630784.0
2705064519164.0,211527704148.0,181393663094.0,178279485642.0
9753088124766.0,1054054675289.0,413919016900.0,429078308693.0
37823493039712.0,6671898925773.0,2652283253759.0,2651166452398.0
7733424933017.0,950291248251.0,1112721631256.0,1116053894914.0
15106800858.0,11861804185.0,1876882953.0,2054224889.0
756821508515.0,610514752463.5018,556346277303.0,-152022600886.0
2812769703303.0,281781096419.0,40381701010.0,45743903622.0
12872959173073.0,1996191670883.0,1397929302757.0,1420328762179.0
78646587319.0,9244554761.0,14903642398.0,15076288540.0
13209223017.0,6628442302.0,-5184605392.0,511470399.0
11812431791839.0,2444569326101.0,1689058915827.0,1871187549962.0
285825688639.0,63705566129.0,52156503580.0,38534060529.0
38133493372.0,8707521738.0,-7174453703.0,-7212590207.0
36172276710.0,-2559843681.0,-13419244004.0,-20472856498.0
4884867655092.0,2137766133150.0,978656370753.0,904484566816.0
49485583507.0,3836304658.0,-1073852989.0,-5944113815.0
3098808201643.0,262936522511.0,21045869342.0,20516968651.0
1326405070911.0,109128926079.0,49652449846.0,50019618449.0
7920262628.0,998102593.0,-4237214535.0,-4300721698.0
4263652481420.0,1187229359068.0,649490989629.0,650026189696.0
123106972488.0,34375108282.0,7889446804.0,5956336986.0
1192244445297.0,58620979834.0,61122008688.0,55730596746.0
33565216052.0,1739210053.0,2506409755.0,1677267299.0
372622978479.0,62459297283.0,24406501979.0,23843630896.0
1721435530826.0,363209354486.0,279158181627.0,279158181627.0
1229096725714.0,247485886427.0,145135055896.0,147233885041.0
329859793051.0,36436210011.0,5791403260.0,6037181300.0
177406724480.0,31982901565.0,7177006798.0,7312888043.0
1298479992202.0,151671713887.0,10328819029.0,12065805279.0
250104305668.0,16461676550.0,-36542251347.0,-33251573867.0
45033889413.0,9203602020.0,-7064669282.0,-7015266774.0
124485076872538.0,4148868956598.0,609956814566.0,630571388242.0
56128696800.0,1395388352.0,18647597005.0,17353669399.0
1287784457723.0,483525029259.0,137208152853.0,138332381323.0
86951417702.0,52081309216.0,29584881431.0,28942909299.0
723778164286.0,137885817033.0,59441632264.0,60860108073.0
914381030925.0,151761267130.0,50563218965.0,55286067453.0
339912074165.0,24436866333.0,918068888.0,839281669.0
31735598766.0,13167154846.0,93974734685.0,94075557618.0
7736065477143.0,1177558456995.0,403523152194.0,388864941902.0
12782355466948.0,1488874039290.0,410860502242.0,407929704810.0
495013148690.0,67010872468.0,21320248807.0,33646289781.0
245805228803.0,8160091580.0,-746412674.0,340964779.0
571225175340.0,63930307339.0,373259530358.0,381658770934.0
17610400252637.0,8315776716636.0,3633301864610.0,3587597717336.0
7321865829546.0,221990691950.0,134896139015.0,134920718529.0
657528281152.0,77980396635.0,34756952947.0,17084833728.0
228816678549.0,152633229136.0,59340326183.0,58770444380.0
2888636097985.0,83398939041.0,317739465.0,1557580584.0
172524796980.0,23931375543.0,3758335408.0,3937043855.0
1105567526595.0,326460593724.0,249389593043.0,237329144367.0
4106543929913.0,198284619112.0,35314479067.0,33627719338.0
139407533343.0,13052146009.0,643857904.0,328982620.0
14940277511.0,-436216698.0,-76518092790.0,-77602543863.0
83177720000000.0,24655738000000.0,6760549000000.0,6024803000000.0
649783859237.0,38193096040.0,3370711115.0,4361695462.0
2787912700840.0,970329881300.0,676052403148.0,651446881794.0
11514698052.0,250683453.0,-13177043511.0,-14375839838.0
580826086172.0,38412831293.0,1877695229.0,1785523900.0
2727272724.0,1656010972.0,29081600106.0,28269301134.0
31372875776.0,10354660555.0,-1851344100.0,-1761099467.0
285225152800.0,101112481833.0,41520542265.0,44964355264.0
10157191034709.0,483944743453.0,315038284854.0,324755064236.0
741241688662.0,233084631119.0,-27309491491.0,-30071523464.0
1425281016698.0,24349297549.0,-91813126081.0,-88952918056.0
335690343652.0,134223737618.0,70628487296.0,71110097909.0
1630857986826.0,250711916591.0,174145746729.0,173984136032.0
465961353640.0,103056065826.0,59258151817.0,56825683482.0
920644864614.0,411726616417.0,330885370940.0,330723294676.0
1600157431150.0,140512804108.0,26164543745.0,32269495879.0
136026574491.0,57963136326.0,21320277567.0,23094629903.0
856943650.0,664816606.0,-36674352414.0,-29834729847.0
464083605533.0,65918584687.0,11857259288.0,12661013522.0
2647849213361.0,387124589261.0,81897121439.0,103966894389.0
2356140451956.0,180656968506.0,15847192847.0,15497804753.0
3766238031498.0,135440194644.0,10572009645.0,6113389635.0
2292680784030.0,159175847593.0,17423379282.0,16794050627.0
356512673684.0,80597183674.0,49042286003.0,52503032395.0
2981141404986.0,408135845787.0,97680610564.0,113213393981.0
678319059163.0,-78698175605.0,-758003748951.0,-789830839584.0
30302374349.0,6750629875.0,-17345943716.0,-16648193204.0
45045559220.0,25190271033.0,16217551875.0,15967731411.0
1087771573724.0,155172758792.0,94602277830.0,95407617020.0
119230524183.0,11903815497.0,-2227335172.0,-1176066225.0
963510808574.0,90286569006.0,37888301137.0,41539852556.0
179980998434.0,69642411243.0,15080920731.0,14889166688.0
8529279575474.0,5241317966526.0,3543940102934.0,3543527483662.0
222112989462.0,39829069488.0,17459889307.0,17459889307.0
13455585149640.0,2384750012014.0,1249825608454.0,1448586860905.0
422544571444.0,219600376667.0,180516701710.0,179385336551.0
456492806532.0,34875041450.0,31249301766.0,31666445311.0
610721474763.0,67905600423.0,8600977960.0,9513230878.0
627846753679.0,364518642805.0,328939467409.0,329011645981.0
684754473081.0,137427196120.0,59867428937.0,59665895606.0
209580465103.0,75877336939.0,-15809478823.0,-13167823681.0
357406763322.0,18191894479.0,36687995303.0,35555338483.0
100140494385.0,10712088276.0,720759370.0,1220806677.0
4445368775704.0,337344871709.0,71302296287.0,73303446655.0
1151290481902.0,238367011877.0,306778533930.0,322180812777.0
401275176502.0,177676235071.0,121609991211.0,83572221913.0
2775753386355.0,1283446290850.0,907006415261.0,763727824347.0
1913398478509.0,593473568303.0,306828547284.0,301619529470.0
822003074146.0,75332975766.0,35155628031.0,35163794159.0
569810705098.0,147386329451.0,112904342934.0,124119839411.0
158894205729.0,58350282449.0,18741795724.0,18362811489.0
386445389219.0,27758095520.0,13745602869.0,13853582671.0
31116166892.0,2564893913.0,-1027102812.0,480262229.0
1063313453038.0,64400478028.0,590509463.0,352208087.0
182734691151.0,32417838345.0,5129280931.0,4479309462.0
3308270705928.0,1344050482178.0,558981283096.0,557845821119.0
21520326885.0,5236435405.0,848894014.0,798394014.0
807411969647.0,387934429377.0,213539404141.0,227501485005.0
202083050932.0,33622470796.0,10936811401.0,11348197270.0
2933780879464.0,1380541983753.0,1060161878975.0,1056958464772.0
7136773393630.0,558801513083.0,106439826347.0,108119901162.0
107881252448.0,20768792110.0,20226526630.0,20778501625.0
662274555759.0,194961518424.0,128787525826.0,149747209426.0
411845847050.0,139317696152.0,17626554505.0,17598246183.0
9073375473961.0,109283992469.0,-636318342031.0,-2529910445056.0
35507963000000.0,610514752463.5018,31620662000000.0,27538368000000.0
254214077693.0,89033332108.0,57244456169.0,56227483841.0
364131608347.0,77890236093.0,28585504256.0,29027556153.0
178828665087.0,7254200446.0,2180416932.0,37951470451.0
174782026993.0,5314046455.0,-651088470.0,1348431645.0
136483957345.0,69020137337.0,37565724261.0,37494991541.0
1050468017.0,222740460.0,2354410892.0,2355910892.0
1059622547007.0,253728377010.0,135156635863.0,134332772945.0
150000000000.0,-21000000000.0,-16979683879.0,-16979683879.0
1385858111571.0,132137207525.0,40577945241.0,39411501014.0
14288898450.0,-243100890.0,14441197033.0,13922004467.0
237500850074.0,32605798041.0,-1734502230.0,251989899.0
165911534442.0,7637337958.0,-37256415481.0,-41696841807.0
1766550070641.0,314121543633.0,134022237666.0,135201864548.0
1542340804.0,-12851692.0,-4653598738.0,-10080496629.0
195195826979.0,124968430908.0,82195734031.0,89147101705.0
4282245723378.0,177791512404.0,60241205980.0,66300553260.0
24741368045.0,4343668542.0,26204975.0,32603726.0
39271893738448.0,4263666396467.0,510613852948.0,551203257346.0
364125331903.0,243193484990.0,176371294119.0,169584534959.0
24870207591.0,-14057039008.0,-161141941644.0,-158474985587.0
3465768683539.0,622752721676.0,219314803515.0,216207267894.0
265172268736.0,33740843498.0,13129684450.0,13342581080.0
39862204136345.0,-2327410087321.0,1123628115578.0,2620410226576.0
6884245697137.0,645247803243.0,93771228845.0,85709337063.0
185887548591.0,64693254879.0,24402586540.0,24420946255.0
2448696267958.0,726841908647.0,273229919373.0,271769222176.0
292317180642.0,173296030049.0,98532451946.0,101285633775.0
418970777786.0,2674893320.0,66791472958.0,66957439943.0
340967016165.0,57964261261.0,50802219269.0,53710123306.0
31872417486656.0,9318196568266.0,5676961187964.0,5647358628166.0
973630725931.0,23174281223.0,106027000870.0,104927538962.0
264112987330.0,156268929451.0,131795221375.0,128373086516.0
574119095281.0,107555717064.0,91063176851.0,91276939023.0
52996318288.0,12189889878.0,9145843620.0,7889277565.0
2595330463568.0,978701434375.0,950039271734.0,1199928736853.0
1067037037.0,945582537.0,407603879.0,401626718.0
238090038677.0,12452373034.0,21085440133.0,20569033750.0
4609002093685.0,187715135254.0,-137176778.0,14105741507.0
918600210086.0,21339524923.0,5908573304.0,5254451352.0
1160602794231.0,24047557426.0,-7187976219.0,-8508418003.0
918232190646.0,10067540064.0,4341131667.0,1949062782.0
2708460952124.0,59251633701.0,12138784264.0,12075332020.0
5272724948.0,1235474474.0,-6733427000.0,-7469155140.0
3369278515.0,876015747.0,-1001031374.0,-756335355.0
14762079517.0,10053841633.0,-2160110413.0,721154262.0
1118709518207.0,255247636606.0,130205932476.0,140563965779.0
369577441141.0,25025248010.0,2977927173.0,4549365890.0
140320358640.0,13552118961.0,2774963990.0,2798114561.0
1191685595511.0,295160918728.0,179469520076.0,163185994231.0
145405107521.0,2864823370.0,9100464391.0,6732713050.0
3980864021638.0,1251359909087.0,574855564191.0,523893633928.0
115702460191.0,22282191619.0,1189414947.0,536502294.0
578606297630.0,205571584658.0,89854130471.0,89997370917.0
2336889725069.0,1236456085693.0,323883771127.0,324640661377.0
230077135111.0,93152050071.0,-5065003887.0,-5004167945.0
269834576628.0,65331444465.0,-30049063678.0,4805191022.0
1538861395434.0,296283872210.0,94196373424.0,58265510565.0
627512823414.0,93967072295.0,44292590631.0,44870618278.0
4121908336161.3467,610514752463.5018,-5950636740.0,-5950636740.0
2057034336851.0,69933797265.0,32386833450.0,34786636420.0
69343852258.0,3352619858.0,-8039501476.0,-9820699027.0
1446430915995.0,404111147567.0,223789842903.0,223818862671.0
561471007219.0,45667581236.0,11312500759.0,7691935484.0
5656563814495.0,1769949264907.0,885058912782.0,888450064799.0
1684453453400.0,413102685538.0,759653575466.0,747755022279.0
88057102128.0,15975554769.0,8515464385.0,7816989989.0
678363642180.0,159384115006.0,72789039986.0,73194389790.0
1617938491726.0,134344292360.0,7188357636.0,9808459719.0
258858166760.0,-39117643479.0,-208323577255.0,17121984694.0
66760159719.0,18232291008.0,4089880299.0,4067979695.0
41330743041.0,374018814.0,-5284360157.0,45591036.0
413925301481.0,357287322257.0,248394140256.0,248394125256.0
986949343833.0,298092820313.0,110604094463.0,117428613656.0
188106088619.0,54337124180.0,-16509327430.0,-13531458705.0
396436407429.0,62636982671.0,35934787083.0,39672134281.0
4733193172494.0,2284828685686.0,691786284620.0,727690367519.0
1233029252986.0,141655086749.0,44134968892.0,71584935378.0
393590487971.0,64053346991.0,38317555125.0,38484676588.0
1361565571866.0,69816371587.0,240770375771.0,240199846691.0
1341451162943.0,352594379344.0,163742669953.0,158419461859.0
7636981845.0,1773607644.0,631650151.0,459010396.0
11764940231403.0,819343357770.0,565610708188.0,544208054283.0
732066153220.0,116957504160.0,67442513822.0,67616220428.0
7658150303528.0,3124965569608.0,1105078294809.0,1108404124001.0
62402793000000.0,610514752463.5018,59357149000000.0,31758320000000.0
494573791771.0,220720692324.0,220688351247.0,220078911872.0
1031980846097.0,298830991650.0,-36791302619.0,257949776799.0
7450091674.0,85107217.0,-4648226291.0,-4448549423.0
113587777352.0,105123006195.0,82199632890.0,81433016825.0
14336328727000.0,892706621000.0,-258075720000.0,-933569686000.0
3958979633852.0,1693211157367.0,730875241896.0,741078844714.0
33940309586.0,7930817201.0,14965030191.0,4409027468.0
832963437748.0,54491428926.0,27716010194.0,27092381767.0
102592491503.0,5652310161.0,-40525685736.0,-50603628273.0
3150352405159.0,80440756782.0,10393360544.0,34834508464.0
10601238012356.0,347635530041.0,-55242055884.0,4145472742.0
95682474431.0,12550262875.0,52792310581.0,52451523273.0
355170369820.0,50066677414.0,17244107369.0,17018992182.0
38371820418.0,1709426415.0,-5227362339.0,-820192838.0
990555836109.0,489881957954.0,205248611671.0,205133560954.0
309842135613.0,45407872498.0,80627769162.0,72727879134.0
771127397318.0,239865098863.0,18078585835.0,17736998724.0
58481897633.0,13780658966.0,860266974.0,844923152.0
739806069024.0,357216756968.0,2568838384.0,24337792973.0
21460066916824.0,1631718862296.0,3399906179.0,58713434440.0
447855702110.0,110985389555.0,71494942709.0,73185755967.0
426909134428.0,180032822745.0,68098865116.0,62301572364.0
704278000000.0,610514752463.5018,270482000000.0,99344000000.0
123027071014650.0,436229788787.0,652262300853.0,680185076861.0
194942239067.0,34061345546.0,17313997469.0,17314275712.0
255973767442.0,94905679452.0,18096826169.0,19303648631.0
53034478392.0,1292274236.0,-2478814830.0,2921950524.0
848407070.0,292519070.0,-2418323653.0,-2417323653.0
12013117890000.0,1380915215783.0,336968232319.0,316035009775.0
171938536129.0,39519962630.0,7917633568.0,7944485531.0
160661597738.0,49316579815.0,1268228201.0,14313528266.0
935030033556.0,56203659587.0,50738496376.0,50742220842.0
582832152244.0,54958501990.0,36798940.0,3378534748.0
130580579241.0,17040130359.0,2558996328.0,2621598978.0
196514946840.0,23953707527.0,8217532675.0,7985080629.0
3344928808.0,660226346.0,3013337545.0,2703640168.0
169100821994.0,56973642336.0,12916809726.0,13019577466.0
1391432484281.0,58278311838.0,3083911959.0,2953422371.0
8846410510226.0,3337259599769.0,2972638680223.0,2993040316467.0
297775026421.0,60673978291.0,7945130818.0,8346645888.0
630257047112.0,48643779194.0,12825614020.0,15256546991.0
436556738081.0,34764213604.0,7305152185.0,11903791484.0
469074237334.0,48644837791.0,4528645125.0,2755642699.0
164814261304.0,52822521752.0,21520964853.0,21047078775.0
1318129813243.0,461639368474.0,58908261471.0,70902960035.0
1953658075141.0,392853494208.0,224797471089.0,227688734251.0
94444115464.0,28196354603.0,12367355281.0,64399096086.0
1144998079035.0,55294917744.0,29426678376.0,28863927972.0
246634528425.0,190629879383.0,397531622687.0,398923960841.0
170870956519.0,11616598903.0,1153201940.0,915699308.0
718691821370.0,76664449936.0,14316626825.0,7896559574.0
1579725830.0,55834242.0,-970794617.0,-1003472361.0
50615224450.0,2647951665.0,775877300.0,354145677.0
2598730471287.0,185113337338.0,75235049848.0,103139642547.0
4121908336161.3467,610514752463.5018,204607129.0,203892691.0
94883175209.0,5751623092.0,976408901.0,230628345.0
3278584206000.0,1740250562000.0,1130553838000.0,1050935191000.0
40678150961762.0,2990904164029.0,-869531032727.0,-891808997552.0
1970815184553.0,642034738261.0,204368189754.0,205825173664.0
145611540339.0,8840216694.0,-1791024959.0,610658955.0
182779637902.0,488876857.0,-174248760586.0,-127288890722.0
464199961680.0,72865929263.0,28352140710.0,27184379527.0
30179917285921.0,1947864172530.0,1023869923062.0,1516996496660.0
55405735000000.0,610514752463.5018,45551135000000.0,42236138000000.0
1707313801052.0,207722712089.0,30659663955.0,32567833257.0
1357758052581.0,29638969417.0,1046897416.0,1046897416.0
36773560408.0,53151637081.0,57394853801.0,60616224563.0
54937895620.0,6345313772.0,-88547164.0,338795462.0
2811573000000.0,610514752463.5018,1936137000000.0,1131298000000.0
1898039523381.0,317193264009.0,350091916915.0,343834227184.0
6561666425115.0,588476936618.0,162057709291.0,161758049231.0
37098976163.0,4419704581.0,1010420718.0,2168023210.0
644687222815.0,192932934401.0,103069767837.0,105593468819.0
1163383793964.0,77700185509.0,35521596839.0,36863076171.0
8924161549541.0,21702989907.0,-295863412803.0,-261360001862.0
443149371056.0,123913311168.0,59318518114.0,55582655301.0
13250634406791.0,2524333946074.0,1547840590942.0,1497742106338.0
908245631120.0,46005303114.0,3664643021.0,3605640614.0
47312486534.0,15671091729.0,4000506565.0,4286269964.0
462127746032.0,68352089572.0,41859218235.0,75351834320.0
177625193206.0,7632617537.0,-6931269231.0,-5680080988.0
16184024349272.0,3364429372551.0,1329407704959.0,1328466171204.0
7681064352700.0,230091587476.0,407419719540.0,434367032123.0
584114196695.0,170176617669.0,121694078528.0,142860598949.0
1437742951331.0,404430355271.0,130723062328.0,142916601042.0
2489000782722.0,140945427969.0,12166213405.0,12753847514.0
10266648979.0,7450281297.0,941512447.0,1231474596.0
22554602968650.0,13813367936240.0,14299443517504.0,14332852757948.0
681810329515.0,137492313353.0,2910334574.0,2827701632.0
1457086750627.0,134946988713.0,9557936985.0,31266489718.0
819277720976.0,190188247301.0,-102183158734.0,-100525900744.0
17804147615.0,3852955854.0,82476784.0,101869809.0
6742564916029.0,440265130248.0,32423732986.0,61903863603.0
37776526169.0,786116339.0,487342140.0,487342140.0
805020057515.0,94729038180.0,21868092987.0,26624654397.0
26223211992.0,2440945169.0,-18663002620.0,6484491483.0
2756868392556.0,124900417574.0,52164592171.0,50765790110.0
869476126115.0,132210946246.0,22586678354.0,23114686302.0
590361400052.0,105265886409.0,38050506700.0,27079004307.0
1444335000000.0,610514752463.5018,1349080000000.0,703774000000.0
3975852593259.0,821533755603.0,572064479727.0,572183764838.0
1170572089913.0,605270057206.0,437545073633.0,438825343900.0
689777950873.0,60381192575.0,23624721344.0,22852327739.0
472870321901.0,22804458307.0,4170004868.0,29216836713.0
124434586569.0,17390480341.0,30502296718.0,34264726982.0
381114192796.0,87064361035.0,39599370007.0,41359684377.0
2876943464074.0,616366550343.0,256028353966.0,256553679099.0
2719227682602.0,1589020041753.0,921049716357.0,880104992052.0
1915534107117.0,305083677969.0,78865970001.0,78102786600.0
435533916349.0,108593145411.0,97228572362.0,98327715366.0
322046854786.0,139739652855.0,121943934562.0,124372310729.0
1158378432592.0,139138620714.0,68324246458.0,69323768528.0
233265940693.0,173940731573.0,162987659978.0,166267167754.0
1748735062071.0,189327774868.0,13495578027.0,13175245015.0
2503558386331.0,1690332797343.0,825556232231.0,825286243034.0
1330042251352.0,813143277614.0,256266995959.0,256088365005.0
12612944887926.0,882700734313.0,674336340710.0,671816187507.0
93467784692.0,40417074690.0,59915112965.0,60591818022.0
2294452342939.0,257375446863.0,102357666609.0,88256524426.0
9966410000000.0,610514752463.5018,8278781000000.0,6039399000000.0
24531698000000.0,610514752463.5018,14694729000000.0,12720365000000.0
4576289366558.0,100835441494.0,14927300487.0,14936893169.0
488807515091.0,156990103419.0,58030074007.0,55328920346.0
1496581606174.0,40001945586.0,-2985338084.0,786557314.0
1076681931809.0,71190389021.0,-4462040203.0,7063060219.0
4439477098072.0,277074065077.0,-191136313736.0,6261379992.0
793261193442.0,233016962350.0,60595199807.0,60481183498.0
185085686110.0,52353518291.0,13922664951.0,13549223041.0
5576122957488.0,127137894239.0,24689397651.0,417934858749.0
347809193817.0,-10364949776.0,-43917051234.0,-44104510933.0
3137790879280.0,746731695448.0,139927382630.0,141596526143.0
869270360383.0,55235977196.0,38169201341.0,38169202125.0
3426213502971.0,26313882908.0,3594022559.0,3629750638.0
131101428097.0,31742943973.0,-20560066182.0,-20359327376.0
284027777852687.0,17315480477748.0,3700946601691.0,3960150316381.0
8356598448889.0,1910208508644.0,634507816850.0,630182874011.0
1360524438250.0,113031920621.0,-6068850317.0,-5723817810.0
569438793798.0,160267124509.0,58467098883.0,58392217090.0
8331303343827.0,1523168594994.0,102066356966.0,107113897449.0
184947185824.0,-36233285123.0,-96051768424.0,-103272030463.0
2232677430682.0,429149458081.0,372039176860.0,376428582439.0
3371087038356.0,151878369023.0,29017023770.0,28850845768.0
538668435744.0,328089037456.0,269183851915.0,269973885189.0
1867292493415.0,442198382274.0,171270218448.0,173388503136.0
495575643536.0,251056629514.0,136268242908.0,132040097249.0
16750412000000.0,610514752463.5018,13357758000000.0,9004300000000.0
165676939146.0,23443167950.0,31474851874.0,32540769688.0
873018594174.0,194159690056.0,104535803592.0,104147994369.0
3542984597319.0,200350539243.0,77314140020.0,77125214583.0
110203523749.0,27372941304.0,3754213508.0,4560088289.0
142847087541.0,19786068787.0,10349544144.0,10641328456.0
4249378696765.0,569317461494.0,128676333878.0,126688129976.0
517918018543.0,158931443064.0,218409695376.0,219691079074.0
2410586886105.0,61336162810.0,1697635456.0,1801376472.0
213827803788.0,27323478731.0,15782426923.0,19159172243.0
771459885921.0,87721431032.0,37650289879.0,37565401011.0
1537925580058.0,120691118652.0,41482415148.0,39669109007.0
6466470034275.0,1224326284548.0,444923610749.0,471981392616.0
3455603546641.0,141558114666.0,34830361159.0,34621654980.0
1255074124460.0,125247059581.0,106973176120.0,104560209175.0
388062601863.0,111187688142.0,52707483628.0,53823502320.0
526843642104.0,264822896202.0,240776399500.0,242599817945.0
2556153106361.0,71072870816.0,60481347211.0,59539198109.0
1174633846252.0,158555431114.0,39060908547.0,36931504104.0
3596507144729.0,426030312527.0,271091794518.0,279225253542.0
2454115885751.0,393683197664.0,253183428449.0,265098974957.0
393670180890.0,29065163485.0,8457505616.0,8463915098.0
489839849627.0,164740809775.0,79790307124.0,79865591098.0
377831884690.0,10580858001.0,2758749504.0,2013125967.0
1247023214781.0,33261802219.0,-60610516548.0,-61653570940.0
49150095529.0,-170383583.0,217429222.0,210678550.0
99879225052.0,21583142128.0,10242119490.0,10186823487.0
2024673956321.0,296190115188.0,28527102383.0,40102577635.0
170165944457.0,17238993625.0,-734937668.0,756480862.0
3321210000000.0,610514752463.5018,1411691000000.0,1260278000000.0
387378730941.0,30772920570.0,3697620986.0,7819705878.0
112241922650.0,37250560083.0,-8753850512.0,-8420624732.0
961283257564.0,92441151146.0,90340524699.0,90594673183.0
13573523231898.0,1932209293709.0,834528520100.0,850683626312.0
5324411264886.0,3202831011420.0,2091785755757.0,2088324132297.0
1633090518901.0,422511636902.0,491517172731.0,555811315599.0
12535149032218.0,1891123168645.0,1461409719151.0,1496473859659.0
40545434658.0,7654360304.0,999093323.0,1812815880.0
2153284689756.0,694430340705.0,255532216318.0,256144304898.0
233707109417.0,21982255582.0,1274842725.0,789293438.0
4911265972913.0,560372104802.0,119281689339.0,78513586158.0
186100957650.0,29930451992.0,9290807531.0,7626664277.0
6438682469797.0,943618747271.0,140930087418.0,148860037650.0
13496142223703.0,1898080028247.0,738422779520.0,742878358817.0
251595463296.0,108240384792.0,21358582969.0,21323644300.0
3320991190376.0,547975636538.0,276783033326.0,252574860147.0
208040982497.0,53010345711.0,21160641515.0,21058310228.0
2077145548108.0,1106224457004.0,458719153134.0,481449841543.0
3810451106702.0,616662728711.0,339420390829.0,350428386106.0
563129638093.0,133613452087.0,15847819562.0,16380558517.0
908713457134.0,62823125753.0,-64757816790.0,-61160568170.0
503109234914.0,337621478256.0,220698430617.0,220685259006.0
1441314355785.0,880562994651.0,854089521087.0,840013720868.0
800145221381.0,246041599793.0,119760139622.0,116875679920.0
1114792854721.0,54899904448.0,-83484141728.0,-74062704942.0
3040558120766.0,1682760904369.0,664142072044.0,616821449627.0
36188170659291.0,1179277073148.0,213026877479.0,356096458768.0
799116768725.0,-49353563768.0,29975555914.0,33657149240.0
2023426299130.0,861448505319.0,603744828926.0,664209745918.0
23197462651.0,-25899819300.0,-32027479297.0,-31941989297.0
1249495926312.0,118498744470.0,3322941497.0,31591281945.0
919577453402.0,248056555639.0,54922826934.0,54715942396.0
236028065707.0,26366412749.0,-3384930789.0,-1166588029.0
450910060199.0,31190510468.0,13062212407.0,13006652400.0
265229559343.0,14877110510.0,669889583783.0,671621371685.0
268248257399.0,50380127758.0,7519726976.0,-39938994361.0
662330904.0,448412897.0,-1365050082.0,-1372055790.0
629900704992.0,119736265443.0,44051541382.0,44235682608.0
814199531520.0,421369733121.0,332095197966.0,331957503429.0
1362471663319.0,330708552427.0,112506151861.0,110886225996.0
261393684841.0,27594258249.0,9691786180.0,10741783527.0
568538709373.0,44423397221.0,21015404251.0,20749794021.0
2957333044342.0,769941249933.0,143552030732.0,138208828263.0
483168073767.0,281312616831.0,172097248.0,340912582.0
124671550172.0,55060310168.0,-74049931190.0,-74049362132.0
62551409334.0,20401221107.0,3194675955.0,2760616390.0
555393599691.0,27335460470.0,613341383.0,1048147645.0
19135848654890.0,1449098011669.0,392938462936.0,428070236190.0
21045158770378.0,712515105237.0,306498724661.0,386562030631.0
3171234279220.0,455021139594.0,212257632708.0,213464692677.0
102045377000000.0,32424954000000.0,41357323000000.0,40860441000000.0
367858654446.0,225531542016.0,370200996619.0,372303890520.0
1307837430269.0,351108042794.0,241328189584.0,241488890563.0
14946403677.0,7457720279.0,1740995914.0,2146136948.0
757173069910.0,74078499673.0,13565345048.0,13157771692.0
1711849859917.0,263439860649.0,88262716686.0,84538989851.0
107631651286.0,59845268068.0,54081820341.0,54028608156.0
4526932171156.0,99292544804.0,33700296374.0,33376080558.0
5889404018824.0,2376315787993.0,1952415985757.0,1948310411475.0
1579969259142.0,141054933309.0,59897214209.0,57477445986.0
5923525000000.0,610514752463.5018,5157489000000.0,4188417000000.0
11912808556467.0,3514371346760.0,1602492933634.0,1635938296069.0
491919537000.0,-694558344000.0,-939394176000.0,-1280414134000.0
943790939631.0,83845678698.0,1281107823.0,10109206345.0
9465414074279.0,481469074669.0,136375786992.0,175158529011.0
500005871936.0,78792454168.0,15613875675.0,15511896527.0
670180413702.0,291031314098.0,142874482046.0,154687974095.0
96631232919.0,13781604607.0,4061792525.0,1833938247.0
8898445300977.0,1504340090581.0,421445186638.0,228706945827.0
417333864331.0,71568945625.0,29963883667.0,29060865116.0
1663955117694.0,127424074937.0,6245517799.0,5008508206.0
752590897902.0,270847200294.0,209021685347.0,241951922578.0
61782609528445.0,25590176323124.0,11593977638387.0,11599653741335.0
2327701288865.0,610514752463.5018,1640054981792.0,1084890976328.0
686885399725.0,31520937662.0,14032497749.0,13560277750.0
41719645246.0,14940187394.0,4814719950.0,4779020716.0
307927199240.0,30340443929.0,18478991747.0,15888522717.0
714397885666.0,112454140787.0,32101562322.0,37472695388.0
173831241419.0,11308409968.0,-1586139117.0,-991155740.0
49080407000000.0,610514752463.5018,47915324000000.0,20012700000000.0
652577063.0,195834249.0,-19241578365.0,-18308368254.0
490317152826.0,90368004698.0,16081737771.0,17001487751.0
1002138179707.0,186424705802.0,17693243915.0,85669522638.0
3367693196873.0,363270921035.0,211688241939.0,212317654428.0
1362277289608.0,216797192716.0,119854758940.0,280398101037.0
1171901547172.0,50413302276.0,36663393826.0,26023785608.0
143177885523.0,39016937619.0,35109070108.0,46982868456.0
1770162801727.0,179498733733.0,102543292383.0,103918469325.0
58007600000000.0,610514752463.5018,53269569000000.0,31383041000000.0
3205408512601.0,416037145109.0,163732114980.0,164312356037.0
1093033466599.0,446962750535.0,392074871338.0,390824597852.0
12906139000000.0,610514752463.5018,11758895000000.0,7599683000000.0
852499159848.0,89484498266.0,17757828667.0,17882177585.0
4468044989296.0,47783169872.0,-431457428121.0,-415962648986.0
1518231489552.0,494550214141.0,366449453006.0,368096521029.0
319686229615.0,93044741263.0,125370362957.0,124827947226.0
194080618998.0,-39118467379.0,-21431698034.0,-20929517292.0
948124502551.0,245280760248.0,85990089225.0,90813770315.0
622811727724.0,323061248070.0,303082078990.0,303597541875.0
4924717468479.0,630106829422.0,304446774142.0,308153127861.0
1554631031264.0,327662190839.0,77001999672.0,78988360130.0
561464712365.0,218034994172.0,58895187393.0,59018854497.0
4459752853829.0,180017072925.0,-6447777273.0,13435830909.0
238359453631.0,16285791163.0,1613993231.0,2112585489.0
35660063272.0,1333879023.0,1722137118.0,1670033845.0
5951561622567.0,36574993687.0,18446074901.0,90769907991.0
498184992763.0,187213437575.0,100043366947.0,100312772367.0
1953400922993.0,258718866860.0,133847768480.0,137333175331.0
643025047001.0,395313698887.0,356758919941.0,355501935268.0
735748241294.0,72480913105.0,3832245119.0,3552294666.0
737147083321.0,136282647951.0,65186401165.0,64482704402.0
1314524344563.0,332300584221.0,169766600164.0,164893810143.0
98444806927.0,62182753336.0,76647055229.0,75978795530.0
184068834722.0,132336910631.0,114546749612.0,114394456158.0
614478907391.0,250106600558.0,10832973680.0,13834759970.0
2601818179.0,2579403397.0,-18945450209.0,-18945450209.0
10937645849520.0,768122394928.0,314394566267.0,312911095551.0
100163568760.0,90858056281.0,23902793734.0,40596551166.0
820483069668.0,166857128158.0,46571955389.0,45967345363.0
3891067167266.0,435459056212.0,393996282735.0,405610577914.0
5513287344174.0,511923106139.0,177990925160.0,258356507150.0
2660045210.0,-2892674123.0,-184758979570.0,-187575946803.0
114506903956.0,60100819769.0,48659791013.0,48617605189.0
1068089717388.0,16679054284.0,5667030014.0,13369701296.0
10078077470632.0,2083248573194.0,818070992524.0,828633238207.0
341962811289.0,68577086722.0,-34481978083.0,-42832328259.0
287650158554.0,166430689695.0,49697402672.0,54862117404.0
309988216585.0,198694403564.0,63858257390.0,63868367677.0
7206334295379.0,546584652564.0,24396921560.0,23358958315.0
296193414952.0,86727346067.0,75610276808.0,68270487826.0
158129272076.0,18666098115.0,-3360831259.0,-5186421923.0
58714086272.0,9580219674.0,4361211371.0,4479367335.0
7402980225919.0,629119945548.0,15070603914.0,15258069417.0
26254333056966.0,6908144005205.0,5001209170202.0,5915892471321.0
2513465377819.0,332247878996.0,172005510404.0,172181676058.0
1337315365298.0,498585832894.0,433230494927.0,433655583875.0
155896493884.0,30607387115.0,20101112069.0,26247181964.0
496024249089.0,69358529547.0,-635429662.0,220840293158.0
1650630322645.0,86528523236.0,23392898709.0,23722156588.0
4832308663161.0,2161756908589.0,2428563206261.0,2079511820907.0
4121908336161.3467,-16707062010.0,-17145014999.0,-17456673561.0
1006389230537.0,477983342484.0,63445884839.0,227344804177.0
412896892995.0,300927415668.0,168857093433.0,168543782608.0
508484750647.0,30843716150.0,8776017522.0,6205605838.0
76381908143.0,5035737454.0,317874154.0,362713803.0
627336630841.0,141538166326.0,46883905557.0,49792622049.0
329742894573.0,82575544474.0,4149061180.0,4319251891.0
10243064000000.0,610514752463.5018,8988305000000.0,6903842000000.0
2135508954868.0,109722045591.0,101598762548.0,108683537889.0
242336803098.0,153468255677.0,71609563495.0,71902941983.0
255792104003.0,163989607854.0,156785244225.0,157193271840.0
3420009031516.0,76228561446.0,20620046869.0,20285068242.0
937408787887.0,77057432162.0,53388845677.0,53491723905.0
5727409398445.0,320874211247.0,97743141766.0,104274783005.0
1327357195008.0,111832366353.0,14681135040.0,15501053395.0
1303449271732.0,195963018475.0,66723929027.0,67005013378.0
372057657207.0,28787737996.0,19237382452.0,17783712927.0
1444280778883.0,349442170998.0,84398161763.0,85001474438.0
1024325827698.0,101700895590.0,-1861249390.0,3390222099.0
3516782742983.0,284972456676.0,113697860276.0,113767696377.0
1563061385067.0,93127246855.0,17269699836.0,15275679519.0
11908408145250.0,857658115375.0,724675749808.0,722396640745.0
71497768393.0,41810812223.0,19031916622.0,18806060383.0
436101869536.0,15775064616.0,2117406990.0,2335186554.0
46391514376.0,5471568064.0,707420508.0,-975212287.0
4608022401.0,870330298.0,-5186005037.0,1719754475.0
907800792806.0,262866319744.0,181898382982.0,180695707984.0
419054292150.0,82616595128.0,26885074380.0,27005998078.0
5267968058123.0,755171801188.0,290423768281.0,335531682792.0
804254065280.0,75373730503.0,4050684927.0,3811888035.0
1157385009781.0,272385774891.0,163736559843.0,163170139210.0
59872017097.0,40804624738.0,32479831902.0,32914476815.0
66645448308.0,22346936653.0,65976139389.0,15806815361.0
4040767199058.0,35356567870.0,10421548231.0,11329628352.0
455410381350.0,129778356774.0,81434432224.0,82210455703.0
544406057033.0,257615471910.0,225237508769.0,225305941112.0
4650532796701.0,850189411027.0,145465423877.0,159134567401.0
1210252569729.0,161227044748.0,57032669342.0,52394811427.0
71858661874889.0,6966591239887.0,1431550425875.0,1869094088920.0
2938534598760.0,84888407176.0,65561719371.0,65543577817.0
4121908336161.3467,610514752463.5018,689896727788.6925,586855616546.8632
601320560911.0,107426818402.0,177830733223.0,181648338726.0
439780982222.0,262447351280.0,232014627942.0,232164894633.0
786926434334.0,314000884039.0,275372552245.0,277374189284.0
627676641663.0,312659360537.0,290396780417.0,304448873459.0
568833977573.0,23290907052.0,4753679843.0,4981810665.0
35363346994645.0,18063434519271.0,10409598887899.0,10720383962364.0
7190238221888.0,241745860449.0,-36699906291.0,-35934632857.0
1232516020624.0,96032135582.0,31718103571.0,33095671183.0
872556641994.0,15716182697.0,-11164831799.0,-11293831871.0
1798712738981.0,339343208034.0,270238839465.0,269798670133.0
4478140069090.0,134240820220.0,13470329250.0,13308028254.0
11150559393.0,5964319046.0,2772040440.0,2772040440.0
45321189684.0,21310744479.0,17895015943.0,17866745658.0
138855112131387.0,18497549127684.0,13267002948344.0,13693499624192.0
106009186186.0,12625576618.0,4507070577.0,4291194322.0
489300811331.0,23335594827.0,1973945192.0,1953409362.0
1036882045512.0,800754861629.0,785058476680.0,782663648995.0
346321381873.0,154928552035.0,112680038316.0,110701283890.0
423749900407.0,40908098516.0,41879987209.0,41301571871.0
14192696932359.0,1788244853719.0,427115971923.0,422794530291.0
4118788520689.0,619112329819.0,7619213903386.0,7615101904302.0
237782477047.0,35065922891.0,14308384311.0,16005892777.0
57443538554.0,13441719962.0,64746412903.0,64777388604.0
21391226747.0,4214323906.0,-698108988.0,-904722405.0
1014753133557.0,136776180152.0,43516254293.0,39063915231.0
28958565964.0,6239844644.0,4495761113.0,4520328034.0
2096905452640.0,390776981089.0,112480999301.0,111602957195.0
4289376683259.0,739672131760.0,143036753023.0,149090059590.0
1545729303608.0,101110490255.0,17781480925.0,21542851328.0
5195123457122.0,3392262537911.0,2467849404921.0,2451489518457.0
703993977474.0,109683471516.0,63596109836.0,67743899378.0
278961472158.0,63915847020.0,33460072339.0,31424300138.0
777178728893.0,174518656831.0,65066172827.0,63856604004.0
8171292441970.0,464433481945.0,28984366215.0,58018315287.0
1068913129462.0,162727768283.0,71716161857.0,69918529110.0
357793955736.0,61539082595.0,-647842804.0,15889968680.0
119647971540.0,34921296322.0,7714791871.0,11156440413.0
1159749748897.0,237293539795.0,109247725034.0,139493234904.0
2814721287236.0,238306264606.0,19601201868.0,24612379071.0
9288059307546.0,1740854904747.0,914382085719.0,932236957587.0
1131861293497.0,293242580106.0,95488833610.0,95552082136.0
175408000.0,-80183000.0,-500190575.0,-887317164.0
4121908336161.3467,610514752463.5018,-35383106666.0,-35911291089.0
3821515529003.0,55508505420.0,21155452826.0,12152037143.0
140990451318.0,21897862411.0,91122150.0,3747824070.0
1647088311259.0,97750913900.0,28951169826.0,30168286529.0
38218883913.0,3694376912.0,-2373112879.0,-1951299293.0
78642081396.0,10188701255.0,398703006.0,338226893.0
14148701007.0,1155501882.0,-31540816409.0,-32328604526.0
1182125636807.0,165567756605.0,98232590079.0,100942192575.0
1181020350133.0,104173072319.0,45497899748.0,42587481209.0
17003175426399.0,2805370996764.0,1783734003716.0,3126238908700.0
371273712661.0,166139010364.0,615976623.0,-38096098498.0
278942730988.0,218751818737.0,156088310621.0,156088310621.0
564732021223.0,293216534711.0,98080526507.0,93328027466.0
309827146588.0,32708488649.0,-6636221641.0,6284158251.0
1007950534867.0,-460171438.0,-79316768680.0,7502733237.0
217957757303.0,64390399949.0,6461965274.0,6810241351.0
20197063207.0,-18647752034.0,-29821097377.0,-28591853650.0
1726061598246.0,179938097397.0,71034454048.0,69071046151.0
298751951743.0,19505099535.0,30532824226.0,11199296844.0
600920592050.0,122902679971.0,93099739180.0,99774723944.0
1276533477712.0,119492412671.0,18616070319.0,17293373894.0
2630406446317.0,515705166597.0,189862222254.0,197030001681.0
27794702000000.0,610514752463.5018,22612156000000.0,21005871000000.0
704503127877.0,319291283721.0,167931166746.0,167464619789.0
810799562100.0,161569340713.0,68483277043.0,69989789743.0
149000069681.0,65176986814.0,59343575703.0,59115945920.0
202066527362.0,15313442743.0,501250491.0,6866509135.0
725315382400.0,69394849742.0,8457595203.0,9152679450.0
4121908336161.3467,610514752463.5018,689896727788.6925,586855616546.8632
1658838000000.0,610514752463.5018,857430000000.0,420837000000.0
66094933378.0,29241905559.0,15925632923.0,15664888119.0
4080612387842.0,178386002394.0,22315673362.0,19571543518.0
236597152008.0,48560993894.0,6144695730.0,6231363631.0
4931863377.0,52117872.0,404854831.0,3640040701.0
778204015411.0,171063634078.0,92844000023.0,95029383842.0
1118665972237.0,426367956271.0,131890601924.0,131513906607.0
1149510094552.0,809565053200.0,344445322188.0,343792284649.0
3145293534178.0,81267608233.0,24032171902.0,24001932511.0
126572357622.0,13839397047.0,-47933238895.0,-48253682287.0
586228643980.0,313785191076.0,262534233920.0,265467689342.0
7118614609836.0,259859352899.0,51291866729.0,70588306384.0
27334230002.0,7434057694.0,365888716.0,1186737072.0
73782587114.0,7388711824.0,2638157175.0,3049577737.0
3577129672372.0,545088016869.0,353049366721.0,343022426438.0
1629125227359.0,133233448330.0,57890479910.0,64905543676.0
198338997510.0,106553831259.0,93797205345.0,94378389527.0
1293252290335.0,681468916200.0,264035620882.0,263986114877.0
734110258096.0,423507529187.0,251916262450.0,245400833695.0
119299308527.0,52062204121.0,22869054506.0,27387695380.0
1569304931460.0,275094119442.0,4614220131.0,10580328421.0
156696160287.0,87327452970.0,73439660330.0,73502767465.0
268478280835.0,40268955810.0,40543397793.0,56107565136.0
2188112421848.0,-1539130308.0,-144582425228.0,-150442421215.0
488191875766.0,161926754142.0,133536981591.0,126363540424.0
535069458414.0,78057354626.0,60804415045.0,60770595613.0
33759276317811.0,6765534957795.0,3569408615313.0,3615941969157.0
38607393291.0,-5142402494.0,-38204243840.0,-39499312109.0
626831909349.0,61936577451.0,8988888916.0,11391634265.0
1600198920305.0,245032675233.0,374082228013.0,377353175352.0
294480746178.0,31339568657.0,15895448251.0,16150566951.0
24949912816511.0,1764558925381.0,196717797544.0,230441451979.0
1006914104566.0,143797361113.0,124198054487.0,116698244618.0
